No	ブランド	記事タイトル	メインKW	サブKW	検索ボリューム	ファイルNo
001	ロンジン	ロンジン コンクエスト ヴィンテージ｜コンステレーション対抗馬として生まれたスポーツ・ドレス兼用モデル	ロンジン コンクエスト ヴィンテージ	FIRE KIDS		001
002	ロンジン	ロンジン フラッグシップ Cal.30L・341 解説｜1960年代の名機を搭載したドレスウォッチ	ロンジン フラッグシップ Cal.30L・341 解説	Cal.30L, FIRE KIDS		002
003	ロンジン	ロンジン ウルトラクロンとは？｜アポロ計画最終選定に残った10振動ハイビートの実力	ロンジン ウルトラクロンとは？	FIRE KIDS		003
006	ロンジン	ロンジン Cal.30L・30Z 手巻きムーブメント ヴィンテージ解説	ロンジン Cal.30L・30Z 手巻きムーブメント ヴィンテージ解説	Cal.30L, FIRE KIDS		006
007	ロンジン	ロンジン ウィームス・リンドバーグ 解説｜航空時計の原点を読み解く	ロンジン ウィームス・リンドバーグ 解説	FIRE KIDS		007
008	ロンジン	ロンジン ヴィンテージ キャリバー一覧｜1940〜80年代の名機を解説	ロンジン ヴィンテージ キャリバー一覧	FIRE KIDS		008
011	ロンジン	ロンジン アドミラル Cal.505/506 1960年代自動巻きスポーツモデル	ロンジン アドミラル Cal.505/506 1960年代自動巻きスポーツモデル	Cal.505/506, FIRE KIDS		011
012	ロンジン	ロンジン ダイバーズウォッチ 1960-70年代ヴィンテージ	ロンジン ダイバーズウォッチ 1960-70年代ヴィンテージ	FIRE KIDS		012
013	ロンジン	ロンジン ゴールドケース 1950-60年代ドレスウォッチ	ロンジン ゴールドケース 1950-60年代ドレスウォッチ	FIRE KIDS		013
014	ロレックス	ロレックス サブマリーナ Ref.5512・5513の違いと年代別見分け方	ロレックス サブマリーナ Ref.5512・5513の違いと年代別見分け方	Ref.5512, FIRE KIDS		014
016	ロレックス	ロレックス サブマリーナ Ref.1680 赤サブ・白サブ 解説	ロレックス サブマリーナ Ref.1680 赤サブ・白サブ 解説	Ref.1680, FIRE KIDS		016
022	ロレックス	ヴィンテージ ロレックス デイトジャスト 解説｜年代別モデル解説	ヴィンテージ ロレックス デイトジャスト 解説	FIRE KIDS		022
033	ロレックス	ロレックス デイデイト解説｜「大統領の時計」の歴史とRef.別解説	ロレックス デイデイト解説	Ref.別解説, FIRE KIDS		033
035	ロレックス	ロレックス バブルバック解説｜1930〜50年代の自動巻きの原点	ロレックス バブルバック解説	FIRE KIDS		035
039	ロレックス	ロレックス Cal.1570解説｜「名機」と呼ばれるヴィンテージムーブメントの真価	ロレックス Cal.1570解説	Cal.1570解説, FIRE KIDS		039
052	ロレックス	ロレックス トロピカルダイヤルとは｜経年変化が生む唯一無二の文字盤	ロレックス トロピカルダイヤルとは	FIRE KIDS		052
054	ロレックス	ロレックス スピードキング解説｜手巻きロレックスの入門機	ロレックス スピードキング解説	FIRE KIDS		054
055	ロレックス	1940〜50年代ロレックスの世界｜バブルバックからオイスターパーペチュアルへ	1940〜50年代ロレックスの世界	FIRE KIDS		055
056	ロレックス	オイスターデイト vs オイスターパーペチュアルデイト｜ロレックスの似て非なる2モデル	オイスターデイト vs オイスターパーペチュアルデイト	ロレックス ヴィンテージ, FIRE KIDS		056
057	ロレックス	ロレックス デイトジャスト Ref.1601・1603 解説｜1960〜70年代ヴィンテージの魅力	ロレックス デイトジャスト Ref.1601・1603 解説	Ref.1601, FIRE KIDS		057
058	ロレックス	ロレックス GMTマスター Ref.1675 ペプシ・コーク解説	ロレックス GMTマスター Ref.1675 ペプシ・コーク解説	Ref.1675, FIRE KIDS		058
059	ロレックス	ロレックス サブマリーナ Ref.6204・6536・6538 初期型解説	ロレックス サブマリーナ Ref.6204・6536・6538 初期型解説	Ref.6204, FIRE KIDS		059
060	ロレックス	ロレックス エクスプローラー Ref.1016 解説 ― Cal.1560・1570とダイヤルバリエーションの変遷	ロレックス エクスプローラー Ref.1016 解説	Cal.1560, Ref.1016, FIRE KIDS		060
061	ロレックス	ロレックス サブマリーナ Cal.1530・1520・1570の違い	ロレックス サブマリーナ Cal.1530・1520・1570の違い	Cal.1530, FIRE KIDS		061
062	ロレックス	ロレックス GMTマスター Ref.6542 -- 初代GMTマスターとベークライトベゼルの真実	ロレックス GMTマスター Ref.6542 --	Ref.6542, FIRE KIDS		062
063	ロレックス	ロレックス エクスプローラー I 初代Ref.6098・6150・6350 ― エベレストとともに生まれた「冒険家の時計」の原点	ロレックス エクスプローラー I 初代Ref.6098・6150・6350	Ref.6098, FIRE KIDS		063
064	ブライトリング	ブライトリング ナビタイマー Ref.806 解説｜1960年代パイロットウォッチの名機	ブライトリング ナビタイマー Ref.806 解説	Ref.806, FIRE KIDS		064
065	ロレックス	ロレックス デイトジャスト Ref.1600系 文字盤バリエーション解説	ロレックス デイトジャスト Ref.1600系 文字盤バリエーション解説	Ref.1600系, FIRE KIDS		065
066	ブライトリング	ブライトリング コスモノート Ref.809 解説｜24時間表示のナビゲーションクロノグラフ	ブライトリング コスモノート Ref.809 解説	Ref.809, FIRE KIDS		066
067	ロレックス	ロレックス Cal.1030の特徴とオーバーホール｜バタフライローター搭載の自動巻きムーブメント	ロレックス Cal.1030の特徴とオーバーホール	Cal.1030の特徴とオーバーホール, FIRE KIDS		067
068	ブライトリング	ブライトリング 初代クロノマット｜1940年代 軍用計算クロノグラフの原点	ブライトリング 初代クロノマット	FIRE KIDS		068
069	ブライトリング	ブライトリング トップタイム Ref.810 1960年代クロノグラフ	ブライトリング トップタイム Ref.810 1960年代クロノグラフ	Ref.810, FIRE KIDS		069
070	ロレックス	ロレックス vs チューダー ヴィンテージ比較	ロレックス vs チューダー ヴィンテージ比較	FIRE KIDS		070
071	ロレックス	ロレックス トロピカルダイヤル 各モデル実例集	ロレックス トロピカルダイヤル 各モデル実例集	FIRE KIDS		071
072	ロレックス	ロレックス アンティーク（〜1960年代）の魅力と選び方	ロレックス アンティーク（〜1960年代）の魅力と選び方	FIRE KIDS		072
087	テーマ記事	手元のヴィンテージ時計、オーバーホールはいつすべき？｜メンテナンスの基本知識	手元のヴィンテージ時計、オーバーホールはいつすべき？	テーマ記事 ヴィンテージ, FIRE KIDS		087
088	テーマ記事	手元の時計の文字盤はオリジナル？リダン？——その違いが分かると時計の見方が変わる	手元の時計の文字盤はオリジナル？リダン？	テーマ記事 ヴィンテージ, FIRE KIDS		088
100	テーマ記事	ハイビート（10振動）ムーブメントの魅力｜GS・ロンジン・ゼニスの1960年代競争史	ハイビート（10振動）ムーブメントの魅力	テーマ記事 ヴィンテージ, FIRE KIDS		100
101	テーマ記事	ヴィンテージ時計の「状態」表現を読み解く——「保管傷」「年代を考慮すると」の意味	ヴィンテージ時計の「状態」表現を読み解く	テーマ記事 ヴィンテージ, FIRE KIDS		101
102	テーマ記事	トロピカルダイヤルとは？ヴィンテージ時計の経年変化が生む唯一無二の魅力	トロピカルダイヤルとは？ヴィンテージ時計の経年変化が生む唯一無二の魅力	テーマ記事 ヴィンテージ, FIRE KIDS		102
104	チューダー	チューダー イカサブ（スノーフレーク）解説｜針の形状・ベゼルカラー・薔薇サブとの比較	チューダー イカサブ（スノーフレーク）解説	FIRE KIDS		104
109	チューダー	チューダー 薔薇サブ解説｜デカバラ・小バラの違い、Ref.7928の実像と選び方	チューダー 薔薇サブ解説	Ref.7928の実像と選び方, FIRE KIDS		109
114	チューダー	チューダー モデル別Cal一覧 1950〜80年代	チューダー モデル別Cal一覧 1950〜80年代	FIRE KIDS		114
118	チューダー	チューダー オイスターローヤル／プリンスオイスターデイト｜ロレックスケースを纏った1950-60年代のドレスウォッチ	チューダー オイスターローヤル／プリンスオイスターデイト	FIRE KIDS		118
119	その他	オーデマピゲは女性に似合う？選び方・代表モデル・サイズ感を専門家が解説	オーデマピゲは女性に似合う？選び方・代表モデル・サイズ感を専門家が解説	その他 ヴィンテージ, FIRE KIDS		119
120	セイコー	ヴィンテージ グランドセイコーの魅力と選び方｜世代別解説	ヴィンテージ グランドセイコーの魅力と選び方	FIRE KIDS		120
130	セイコー	ヴィンテージ キングセイコー 全モデル解説｜1960〜70年代の名機を比較	ヴィンテージ キングセイコー 全モデル解説	FIRE KIDS		130
138	セイコー	セイコー ロードマーベル Cal.別解説｜Cal.290/395/5740の違いと選び方	セイコー ロードマーベル Cal.別解説	Cal.別解説, Cal.290/395/5740の違いと選び方, FIRE KIDS		138
139	セイコー	セイコー ロードマチック全モデル解説｜5606/5601/5605 Cal.別の特徴	セイコー ロードマチック全モデル解説	Cal.別の特徴, FIRE KIDS		139
145	セイコー	セイコー 5スポーツ スピードタイマー解説｜Cal.6139/6138/7017とブルヘッド・UFO・角目の世界	セイコー 5スポーツ スピードタイマー解説	Cal.6139/6138/7017とブルヘッド, FIRE KIDS		145
150	セイコー	セイコーマチック全解説｜セルフデーター・ウィークデーターの違いとセイコー5の原点	セイコーマチック全解説	FIRE KIDS		150
151	セイコー	セイコー懐中時計・鉄道時計の歴史｜19セイコーと国鉄納入モデルの魅力	セイコー懐中時計・鉄道時計の歴史	FIRE KIDS		151
152	セイコー	セイコー シルバーウェーブの魅力｜1970年代「日常防水以上・ダイバーズ未満」の隠れた名機	セイコー シルバーウェーブの魅力	FIRE KIDS		152
153	セイコー	セイコー スカイライナーとワールドタイム｜1960年代の旅行者に愛された名機	セイコー スカイライナーとワールドタイム	FIRE KIDS		153
154	セイコー	セイコー手巻きクロノグラフの世界｜Cal.5717搭載・国産初のクロノグラフを解説	セイコー手巻きクロノグラフの世界	Cal.5717搭載, FIRE KIDS		154
155	セイコー	セイコー ダイバーズ 2ndモデル（植村ダイバー）解説｜前期型・後期型の違いと選び方	セイコー ダイバーズ 2ndモデル（植村ダイバー）解説	FIRE KIDS		155
156	セイコー	セイコー ダイバーズ 3rdモデル解説｜6306/6309の違いと選び方	セイコー ダイバーズ 3rdモデル解説	FIRE KIDS		156
157	セイコー	グランドセイコー 初代（Cal.3180）1960年〜 解説	グランドセイコー 初代（Cal.3180）1960年〜 解説	Cal.3180, FIRE KIDS		157
158	セイコー	グランドセイコー 44GS・45GS 解説｜セイコースタイルを確立した名機の魅力	グランドセイコー 44GS・45GS 解説	FIRE KIDS		158
159	セイコー	グランドセイコー 56GS Cal.5641・5645・5646 中期型ガイド	グランドセイコー 56GS Cal.5641・5645・5646 中期型ガイド	Cal.5641, FIRE KIDS		159
160	セイコー	キングセイコー 初代から44KSまで｜第二精工舎が生んだ「もうひとつの高級セイコー」の系譜	キングセイコー 初代から44KSまで	FIRE KIDS		160
161	ジャガー・ルクルト	ジャガー・ルクルト Cal.K1071・K1072 解説｜ヴァシュロンやAPにも供給された名機の魅力	ジャガー・ルクルト Cal.K1071・K1072 解説	Cal.K1071, FIRE KIDS		161
162	セイコー	グランドセイコー スポーツモデル GSスペシャル Ref.6156-8010 Cal.6156A 解説	グランドセイコー スポーツモデル GSスペシャル Ref.6156-8010	Cal.6156A, Ref.6156-8010, FIRE KIDS		162
163	セイコー	キングセイコー 45KS Cal.4502・4500 解説｜ハイビート手巻きの後期型モデル	キングセイコー 45KS Cal.4502・4500 解説	Cal.4502, FIRE KIDS		163
164	セイコー	キングセイコー 56KS Cal.5626A/5625A ヴィンテージ解説｜ワンピースケースとクロノメーターの実力	キングセイコー 56KS Cal.5626A/5625A ヴィンテージ解説	Cal.5626A/5625A, FIRE KIDS		164
165	セイコー	キングセイコー vs グランドセイコー 比較｜諏訪と亀戸、二つの頂点を知る	キングセイコー vs グランドセイコー 比較	FIRE KIDS		165
166	ジャガー・ルクルト	ジャガー・ルクルト「マニュファクチュール」の実力｜IWCペラトン機構とムーブメント供給の系譜	ジャガー・ルクルト「マニュファクチュール」の実力	FIRE KIDS		166
167	ジャガー・ルクルト	ジャガー・ルクルト ヴィンテージ キャリバー一覧｜1940〜80年代の主要Cal.を解説	ジャガー・ルクルト ヴィンテージ キャリバー一覧	Cal.を解説, FIRE KIDS		167
168	ジャガー・ルクルト	ジャガー・ルクルト ヴィンテージ入門｜なぜJLCを選ぶのか	ジャガー・ルクルト ヴィンテージ入門	FIRE KIDS		168
169	ジャガー・ルクルト	ジャガー・ルクルト ダーティダース｜イギリス陸軍W.W.W.の歴史と魅力	ジャガー・ルクルト ダーティダース	FIRE KIDS		169
170	ジャガー・ルクルト	ジャガー・ルクルト ジオフィジック E558｜1960年代科学者のための時計	ジャガー・ルクルト ジオフィジック E558	FIRE KIDS		170
172	ジャガー・ルクルト	ジャガー・ルクルト レベルソ ヴィンテージ｜1930〜60年代 反転ケースの歴史	ジャガー・ルクルト レベルソ ヴィンテージ	FIRE KIDS		172
173	ジャガー・ルクルト	ジャガー・ルクルト フューチャマチック Cal.817｜パワーリザーブ表示とリューズなしの革新	ジャガー・ルクルト フューチャマチック Cal.817	Cal.817, FIRE KIDS		173
174	ジャガー・ルクルト	ジャガー・ルクルト ゴールドケース 1950年代ドレスウォッチ｜18Kの質感と手巻きキャリバーの系譜	ジャガー・ルクルト ゴールドケース 1950年代ドレスウォッチ	FIRE KIDS		174
175	シチズン	シチズン クロノマスター解説｜鷲メダリオンの高精度フラッグシップから500mダイバーまで	シチズン クロノマスター解説	FIRE KIDS		175
176	シチズン	シチズン ホーマー・国鉄時計の世界｜鉄道の正確な運行を支えた手巻き腕時計の全貌	シチズン ホーマー・国鉄時計の世界	FIRE KIDS		176
177	シチズン	シチズン アラームウォッチの魅力｜JLCフェイスの初期型からダイバーモデルまで解説	シチズン アラームウォッチの魅力	FIRE KIDS		177
178	シチズン	シチズン クリスタルセブン・レオパード解説｜カットガラスとカラーダイヤルの国産自動巻き	シチズン クリスタルセブン・レオパード解説	FIRE KIDS		178
179	シチズン	シチズン エース・ジェットの世界｜企業特注モデルからジェットローターまで解説	シチズン エース・ジェットの世界	FIRE KIDS		179
180	カルティエ	カルティエ マストタンク解説｜ダイヤル・サイズ・ベルメイユの選び方	カルティエ マストタンク解説	FIRE KIDS		180
181	カルティエ	カルティエ タンク（ルイカルティエ）ヴィンテージ解説｜タンクルイからマストタンクまで	カルティエ タンク（ルイカルティエ）ヴィンテージ解説	FIRE KIDS		181
182	カルティエ	カルティエ サントス オクタゴン解説｜八角形ベゼルの生産終了モデルを知る	カルティエ サントス オクタゴン解説	FIRE KIDS		182
185	カルティエ	カルティエとCal.78-1｜タンクやオーガニックウッドに搭載された手巻きムーブメントの魅力	カルティエとCal.78-1	Cal.78, FIRE KIDS		185
189	カルティエ	カルティエ ヴィンテージ入門｜初めてのスクエアウォッチ選び	カルティエ ヴィンテージ入門	FIRE KIDS		189
190	カルティエ	カルティエ ヴィンテージのダイヤルバリエーション解説｜トリニティ・ラピスブルー・ボルドー・ゴースト	カルティエ ヴィンテージのダイヤルバリエーション解説	FIRE KIDS		190
192	カルティエ	カルティエ サントス ガルベ 1990年代自動巻きモデル解説	カルティエ サントス ガルベ 1990年代自動巻きモデル解説	FIRE KIDS		192
193	カルティエ	カルティエ パンテール 1980年代ラグジュアリースポーツ解説	カルティエ パンテール 1980年代ラグジュアリースポーツ解説	FIRE KIDS		193
194	カルティエ	カルティエ クーガー ラウンドケース 1990年代ヴィンテージ	カルティエ クーガー ラウンドケース 1990年代ヴィンテージ	FIRE KIDS		194
195	オリエント	ロイヤルオリエントとは？｜1959年誕生・オリエント最高峰ドレスウォッチの魅力と選び方	ロイヤルオリエントとは？	FIRE KIDS		195
196	オリエント	オリエント ヴィンテージダイバー解説｜キングダイバー・スキンダイバー・21ダイバーの世界	オリエント ヴィンテージダイバー解説	FIRE KIDS		196
198	オメガ	オメガ Cal.321の伝説｜スピードマスターを月に送ったムーブメント	オメガ Cal.321の伝説	Cal.321の伝説, FIRE KIDS		198
204	オメガ	オメガ スピードマスター マークII・125｜希少バリエーションの魅力と価値を解説	オメガ スピードマスター マークII・125	FIRE KIDS		204
208	オメガ	ヴィンテージ オメガ コンステレーション 解説｜Cライン・パイ盤・12角の魅力を解説	ヴィンテージ オメガ コンステレーション 解説	FIRE KIDS		208
215	オメガ	オメガ 30mmキャリバーの世界｜1940-50年代の傑作手巻きムーブメントを解説	オメガ 30mmキャリバーの世界	FIRE KIDS		215
216	オメガ	オメガ Cal.564・Cal.565の魅力｜1960年代クロノメーター自動巻きの最高峰を解説	オメガ Cal.564・Cal.565の魅力	Cal.564, Cal.565の魅力, FIRE KIDS		216
224	オメガ	1950年代オメガの名作まとめ｜Cal.354・Cal.501搭載モデルの魅力を解説	1950年代オメガの名作まとめ	Cal.354, Cal.501搭載モデルの魅力を解説, FIRE KIDS		224
226	オメガ	オメガ レイルマスター CK2914 1950年代耐磁時計解説	オメガ レイルマスター CK2914 1950年代耐磁時計解説	FIRE KIDS		226
227	オメガ	オメガ ダイナミックとは？｜1960-70年代の革新的デザインウォッチを解説	オメガ ダイナミックとは？	FIRE KIDS		227
228	オメガ	オメガ フライトマスター Cal.910/911 パイロットウォッチ解説	オメガ フライトマスター Cal.910/911 パイロットウォッチ解説	Cal.910/911, FIRE KIDS		228
229	オメガ	オメガ クロノストップ Cal.865/920 1960年代解説	オメガ クロノストップ Cal.865/920 1960年代解説	Cal.865/920, FIRE KIDS		229
230	オメガ	オメガ シーマスター メモマチック Cal.980 アラーム付きダイバー	オメガ シーマスター メモマチック Cal.980	Cal.980, FIRE KIDS		230
231	オメガ	オメガ シーマスター プレボンド解説｜1980年代ジェンタデザインの魅力を解説	オメガ シーマスター プレボンド解説	FIRE KIDS		231
232	オメガ	オメガ スピードマスター 初期4世代の変遷｜CK2915からST145.012まで	オメガ スピードマスター 初期4世代の変遷	FIRE KIDS		232
233	オメガ	オメガ スピードマスター 4thモデル ST145.012 解説	オメガ スピードマスター 4thモデル ST145.012 解説	FIRE KIDS		233
234	オメガ	オメガ シーマスター 300 解説｜1950〜60年代ダイバーズウォッチの進化を解説	オメガ シーマスター 300 解説	FIRE KIDS		234
235	オメガ	オメガ コンステレーション パイケース（12角）解説｜Cal.561・564搭載の最高峰ドレスウォッチ	オメガ コンステレーション パイケース（12角）解説	Cal.561, FIRE KIDS		235
236	オメガ	オメガ スピードマスター ブロードアローとは？初代ハンドの特徴と変遷	オメガ スピードマスター ブロードアローとは？初代ハンドの特徴と変遷	FIRE KIDS		236
237	オメガ	オメガ デ・ヴィル解説｜シーマスター デ・ヴィルから独立コレクションへの変遷	オメガ デ・ヴィル解説	FIRE KIDS		237
238	オメガ	オメガ コンステレーション Cライン解説｜ジェラルド・ジェンタが生んだ1960〜70年代の名作	オメガ コンステレーション Cライン解説	FIRE KIDS		238
239	オメガ	オメガ コンステレーション クロノメーターの証「天文台」マーク｜裏蓋メダリオンと精度認定の意味	オメガ コンステレーション クロノメーターの証「天文台」マーク	FIRE KIDS		239
240	オメガ	オメガ スピードマスター ヴィンテージブレスレットの種類と年代	オメガ スピードマスター ヴィンテージブレスレットの種類と年代	FIRE KIDS		240
241	オメガ	オメガ シーマスター ダイバーズ エスケープバルブ付きとなしの違い｜プロフェッショナル仕様の見分け方を解説	オメガ シーマスター ダイバーズ エスケープバルブ付きとなしの違い	FIRE KIDS		241
242	IWC	IWC ペラトン式自動巻きとは？｜Cal.8531/8541の技術・搭載モデル・選び方を解説	IWC ペラトン式自動巻きとは？	Cal.8531/8541の技術, FIRE KIDS		242
244	IWC	IWC 18金無垢モデルの魅力｜1950-60年代ゴールドケースの特徴と選び方	IWC 18金無垢モデルの魅力	FIRE KIDS		244
245	IWC	IWC ラウンドケース 1960-70年代｜デザイン・キャリバー・素材を解説	IWC ラウンドケース 1960-70年代	FIRE KIDS		245
246	IWC	IWC Cal.89の世界｜「オールドインター」手巻きの名機を搭載モデル別に解説	IWC Cal.89の世界	Cal.89の世界, FIRE KIDS		246
247	IWC	IWC ダ・ヴィンチ Ref.3728 1980年代クロノグラフ解説	IWC ダ・ヴィンチ Ref.3728 1980年代クロノグラフ解説	Ref.3728, FIRE KIDS		247
248	IWC	IWC オーシャン2000 Ref.3500 チタンダイバーズウォッチ解説	IWC オーシャン2000 Ref.3500 チタンダイバーズウォッチ解説	Ref.3500, FIRE KIDS		248
250	IWC	IWC アクアタイマー Ref.812AD 1960年代ダイバーズ解説	IWC アクアタイマー Ref.812AD 1960年代ダイバーズ解説	Ref.812AD, FIRE KIDS		250
251	テーマ記事	コラムホイール式クロノグラフとは？カム式との違い	コラムホイール式クロノグラフとは？カム式との違い	テーマ記事 ヴィンテージ, FIRE KIDS		251
252	テーマ記事	ギルトダイヤル（金色文字盤）とは？1960〜70年代ヴィンテージの特徴	ギルトダイヤル（金色文字盤）とは？1960〜70年代ヴィンテージの特徴	テーマ記事 ヴィンテージ, FIRE KIDS		252
253	テーマ記事	マットダイヤルとグロスダイヤル 年代別変化まとめ	マットダイヤルとグロスダイヤル 年代別変化まとめ	テーマ記事 ヴィンテージ, FIRE KIDS		253
254	テーマ記事	ヴィンテージ時計の夜光塗料 ラジウム・トリチウム・ルミノバ変遷	ヴィンテージ時計の夜光塗料 ラジウム・トリチウム・ルミノバ変遷	テーマ記事 ヴィンテージ, FIRE KIDS		254
255	テーマ記事	ヴィンテージ時計 真贋チェック 初心者が見るべき7か所	ヴィンテージ時計 真贋チェック 初心者が見るべき7か所	テーマ記事 ヴィンテージ, FIRE KIDS		255
256	テーマ記事	ヴィンテージ時計 保管・日常メンテナンス解説	ヴィンテージ時計 保管・日常メンテナンス解説	テーマ記事 ヴィンテージ, FIRE KIDS		256
257	セイコー	セイコー ベルマチック Cal.4006A アラーム付き自動巻き解説	セイコー ベルマチック Cal.4006A アラーム付き自動巻き解説	Cal.4006A, FIRE KIDS		257
258	テーマ記事	ヴィンテージ時計 初心者が犯しがちな5つの失敗	ヴィンテージ時計 初心者が犯しがちな5つの失敗	テーマ記事 ヴィンテージ, FIRE KIDS		258
259	テーマ記事	ヴィンテージ時計 コレクションの始め方｜最初の1本選びから	ヴィンテージ時計 コレクションの始め方	テーマ記事 ヴィンテージ, FIRE KIDS		259
260	ロレックス	ロレックス サブマリーナ ノンデイトとデイト付きの違い	ロレックス サブマリーナ ノンデイトとデイト付きの違い	FIRE KIDS		260
261	ロレックス	ロレックス サブマリーナ ブレスレット 1960〜70年代の見分け方	ロレックス サブマリーナ ブレスレット 1960〜70年代の見分け方	FIRE KIDS		261
262	ロレックス	ロレックス サブマリーナ 文字盤バリエーション総まとめ	ロレックス サブマリーナ 文字盤バリエーション総まとめ	FIRE KIDS		262
263	ロレックス	ロレックス サブマリーナ 14060・114060 ノンデイト解説	ロレックス サブマリーナ 14060・114060 ノンデイト解説	FIRE KIDS		263
264	オメガ	オメガ スピードマスター トロピカルダイヤル 実例と価値	オメガ スピードマスター トロピカルダイヤル 実例と価値	FIRE KIDS		264
265	オメガ	オメガ スピードマスター Cal.1040・1045 自動巻きクロノグラフの系譜	オメガ スピードマスター Cal.1040・1045 自動巻きクロノグラフの系譜	Cal.1040, FIRE KIDS		265
266	ロレックス	ロレックス デイトジャスト Cal.1570・3035・3135の違い	ロレックス デイトジャスト Cal.1570・3035・3135の違い	Cal.1570, FIRE KIDS		266
267	ロレックス	ロレックス サービスダイヤルとオリジナルダイヤルの違い	ロレックス サービスダイヤルとオリジナルダイヤルの違い	FIRE KIDS		267
268	ロレックス	ロレックス ブレスレット番号・エンドリンクの年代判定	ロレックス ブレスレット番号・エンドリンクの年代判定	FIRE KIDS		268
269	ロレックス	ロレックス 1960〜70年代キャリバー一覧表――1500系から3035への系譜	ロレックス 1960〜70年代キャリバー一覧表	FIRE KIDS		269
270	セイコー	グランドセイコー Cal.番号 年代対応表 1960〜1980年代	グランドセイコー Cal.番号 年代対応表 1960〜1980年代	Cal.番号, FIRE KIDS		270
271	セイコー	グランドセイコー 初期〜後期 文字盤バリエーション総まとめ	グランドセイコー 初期〜後期 文字盤バリエーション総まとめ	FIRE KIDS		271
272	セイコー	セイコー 5アクタス Cal.6119・7019系 1970年代	セイコー 5アクタス Cal.6119・7019系 1970年代	Cal.6119, FIRE KIDS		272
273	ロレックス	ロレックス オイスターケースとは？1926年の革新から現代までの進化	ロレックス オイスターケースとは？1926年の革新から現代までの進化	FIRE KIDS		273
274	テーマ記事	マイクロローターとは？ポールルーター・パテックの小型自動巻き	マイクロローターとは？ポールルーター・パテックの小型自動巻き	テーマ記事 ヴィンテージ, FIRE KIDS		274
275	テーマ記事	ETA vs レマニア vs バルジュー ヴィンテージクロノグラフCal比較	ETA vs レマニア vs	テーマ記事 ヴィンテージ, FIRE KIDS		275
276	テーマ記事	ヴィンテージ時計 パワーリザーブの歴史とCal一覧	ヴィンテージ時計 パワーリザーブの歴史とCal一覧	テーマ記事 ヴィンテージ, FIRE KIDS		276
277	テーマ記事	ヴィンテージ時計のラグ形状 ストレート・ツイスト・バナナの特徴	ヴィンテージ時計のラグ形状 ストレート・ツイスト・バナナの特徴	テーマ記事 ヴィンテージ, FIRE KIDS		277
278	テーマ記事	ヴィンテージ時計のブレスレット 年代別一覧（1950〜80年代）	ヴィンテージ時計のブレスレット 年代別一覧（1950〜80年代）	テーマ記事 ヴィンテージ, FIRE KIDS		278
279	セイコー	キングセイコー プロダクション 1961〜1975 全モデル概覧	キングセイコー プロダクション 1961〜1975 全モデル概覧	FIRE KIDS		279
280	ロレックス	ロレックス デイトジャスト 36mm vs 41mm どちらを選ぶか	ロレックス デイトジャスト 36mm vs 41mm どちらを選ぶか	FIRE KIDS		280
281	ロレックス	ロレックス デイトジャスト フルーテッドベゼル vs スムースベゼル	ロレックス デイトジャスト フルーテッドベゼル vs スムースベゼル	FIRE KIDS		281
282	テーマ記事	ヴィンテージ時計の石数（宝石）とは？17石・21石の意味	ヴィンテージ時計の石数（宝石）とは？17石・21石の意味	テーマ記事 ヴィンテージ, FIRE KIDS		282
283	テーマ記事	ヴィンテージ時計のデフレクタ（偏心カム）カレンダー機構解説	ヴィンテージ時計のデフレクタ（偏心カム）カレンダー機構解説	テーマ記事 ヴィンテージ, FIRE KIDS		283
284	テーマ記事	ヴィンテージ時計のハックセコンド（秒停止）とは	ヴィンテージ時計のハックセコンド（秒停止）とは	テーマ記事 ヴィンテージ, FIRE KIDS		284
285	テーマ記事	ヴィンテージ時計の防水構造：スクリューバック vs プッシュバック	ヴィンテージ時計の防水構造：スクリューバック vs プッシュバック	テーマ記事 ヴィンテージ, FIRE KIDS		285
286	テーマ記事	ヴィンテージ時計 デュアルタイム（GMT）機構の歴史	ヴィンテージ時計 デュアルタイム（GMT）機構の歴史	テーマ記事 ヴィンテージ, FIRE KIDS		286
287	テーマ記事	ヴィンテージ時計のケース素材 SS・GF・金無垢 解説	ヴィンテージ時計のケース素材 SS・GF・金無垢 解説	テーマ記事 ヴィンテージ, FIRE KIDS		287
288	テーマ記事	ヴィンテージ時計のベゼル素材と種類 アルミ・サファイア・セラミック解説	ヴィンテージ時計のベゼル素材と種類 アルミ・サファイア・セラミック解説	テーマ記事 ヴィンテージ, FIRE KIDS		288
289	ロレックス	ロレックス デイトジャスト ジュビリーブレスvsオイスターブレス	ロレックス デイトジャスト ジュビリーブレスvsオイスターブレス	FIRE KIDS		289
290	ロレックス	ロレックス ジュビリーブレスの歴史と年代別見分け方	ロレックス ジュビリーブレスの歴史と年代別見分け方	FIRE KIDS		290
291	ロレックス	ロレックス ミルガウス Ref.6541・1019 解説	ロレックス ミルガウス Ref.6541・1019 解説	Ref.6541, FIRE KIDS		291
292	ロレックス	ロレックス Cal.1210 クロノグラフの歴史	ロレックス Cal.1210 クロノグラフの歴史	Cal.1210, FIRE KIDS		292
293	セイコー	グランドセイコー セイコースタイルとは？デザイン変革の歴史	グランドセイコー セイコースタイルとは？デザイン変革の歴史	FIRE KIDS		293
294	セイコー	グランドセイコー ヴィンテージ ブレスレット・ケース年代判定	グランドセイコー ヴィンテージ ブレスレット・ケース年代判定	FIRE KIDS		294
295	セイコー	キングセイコー ケーシング別（SS/GF）比較と見分け方	キングセイコー ケーシング別（SS/GF）比較と見分け方	FIRE KIDS		295
296	セイコー	キングセイコー 亀戸精工舎とは｜東京製セイコーの誇り	キングセイコー 亀戸精工舎とは	FIRE KIDS		296
297	セイコー	キングセイコー クロノグラフ Ref.5718 解説	キングセイコー クロノグラフ Ref.5718 解説	Ref.5718, FIRE KIDS		297
298	ロレックス	ロレックス サンダーバード解説｜回転ベゼル付きデイトジャストの魅力	ロレックス サンダーバード解説	FIRE KIDS		298
299	オメガ	オメガ シーマスター コスミック 1960年代 スクエアケース解説	オメガ シーマスター コスミック 1960年代	FIRE KIDS		299
300	オメガ	オメガ コンステレーション トロピカルダイヤル｜Cal.504・564搭載モデル解説	オメガ コンステレーション トロピカルダイヤル	Cal.504, FIRE KIDS		300
301	オメガ	オメガ シーマスター 1956年製 第1世代｜Cal.501搭載モデル解説	オメガ シーマスター 1956年製 第1世代	Cal.501搭載モデル解説, FIRE KIDS		301
302	オメガ	オメガ Cal.268・Cal.265 手巻きムーブメント解説	オメガ Cal.268・Cal.265 手巻きムーブメント解説	Cal.268, Cal.265, FIRE KIDS		302
303	オメガ	オメガ ヴィンテージ 1950〜70年代 キャリバー一覧表	オメガ ヴィンテージ 1950〜70年代 キャリバー一覧表	FIRE KIDS		303
304	オメガ	オメガ ヴィンテージ入門｜最初の1本の選び方	オメガ ヴィンテージ入門	FIRE KIDS		304
305	オメガ	オメガ シーマスター ヴィンテージ 1960年代解説：アクアテラの源流	オメガ シーマスター ヴィンテージ 1960年代解説：アクアテラの源流	FIRE KIDS		305
306	オメガ	オメガ Cal.1012・1022系 自動巻き 1970年代解説	オメガ Cal.1012・1022系 自動巻き 1970年代解説	Cal.1012, FIRE KIDS		306
307	オメガ	オメガ 手巻きCal.266・267 薄型ドレスウォッチ解説	オメガ 手巻きCal.266・267 薄型ドレスウォッチ解説	Cal.266, FIRE KIDS		307
308	オメガ	オメガ「ジュネーブ」とジュネーブシールの違いを解説	オメガ「ジュネーブ」とジュネーブシールの違いを解説	FIRE KIDS		308
309	オメガ	オメガ アンティーク 1940〜50年代の魅力	オメガ アンティーク 1940〜50年代の魅力	FIRE KIDS		309
310	チューダー	チューダー サブマリーナ Ref.7928・7016｜ロレックスベースの歴史と解説	チューダー サブマリーナ Ref.7928・7016	Ref.7928, FIRE KIDS		310
311	チューダー	チューダー vs ロレックス サブマリーナ ヴィンテージ比較	チューダー vs ロレックス サブマリーナ ヴィンテージ比較	FIRE KIDS		311
312	チューダー	チューダー ホームプレートロゴ vs バラロゴ｜年代判定ガイド	チューダー ホームプレートロゴ vs バラロゴ	FIRE KIDS		312
313	チューダー	チューダー クロノグラフ Ref.7031・7032 Monte-Carlo 解説	チューダー クロノグラフ Ref.7031・7032 Monte-Carlo	Ref.7031, FIRE KIDS		313
314	チューダー	チューダー オイスター Ref.7984 Cal.1156 解説	チューダー オイスター Ref.7984 Cal.1156 解説	Cal.1156, Ref.7984, FIRE KIDS		314
315	チューダー	チューダー オイスタープリンス Cal.2284・2291 1960〜70年代解説	チューダー オイスタープリンス Cal.2284・2291 1960〜70年代解説	Cal.2284, FIRE KIDS		315
316	チューダー	チューダー ヴィンテージ入門｜最初の1本の選び方	チューダー ヴィンテージ入門	FIRE KIDS		316
317	チューダー	チューダー トロピカルダイヤル｜Ref.7984等の実例と見分け方	チューダー トロピカルダイヤル	Ref.7984等の実例と見分け方, FIRE KIDS		317
318	IWC	IWC ポルトギーゼ ヴィンテージ｜Cal.98・Cal.97搭載モデル解説	IWC ポルトギーゼ ヴィンテージ	Cal.98, Cal.97搭載モデル解説, FIRE KIDS		318
319	IWC	IWC マーク11（Mk.XI）英国軍用時計 解説	IWC マーク11（Mk.XI）英国軍用時計 解説	FIRE KIDS		319
320	IWC	IWC インヂュニア Ref.866 Cal.854｜1960〜70年代解説	IWC インヂュニア Ref.866 Cal.854	Cal.854, Ref.866, FIRE KIDS		320
321	オメガ	オメガ シームレスブレスレット 年代別見分け方解説	オメガ シームレスブレスレット 年代別見分け方解説	FIRE KIDS		321
322	オメガ	オメガ vs ロンジン ヴィンテージ同時代比較	オメガ vs ロンジン ヴィンテージ同時代比較	FIRE KIDS		322
323	オメガ	オメガ スクエアケース ヴィンテージ まとめ	オメガ スクエアケース ヴィンテージ まとめ	FIRE KIDS		323
324	チューダー	チューダー オイスターデイト Ref.7966 Cal.2462・Cal.2484 解説	チューダー オイスターデイト Ref.7966 Cal.2462・Cal.2484	Cal.2462, Cal.2484, Ref.7966		324
325	チューダー	チューダー プリンスオイスターデイト スクエアケース 1960〜70年代解説	チューダー プリンスオイスターデイト スクエアケース 1960〜70年代解説	FIRE KIDS		325
326	チューダー	チューダー スポーツプリンス Cal.2484 1970年代の特徴と変遷	チューダー スポーツプリンス Cal.2484 1970年代の特徴と変遷	Cal.2484, FIRE KIDS		326
327	チューダー	チューダー ビゲ（Bigee）ケース 1950年代アンティーク	チューダー ビゲ（Bigee）ケース 1950年代アンティーク	FIRE KIDS		327
328	IWC	IWC パイロットウォッチの系譜 — Mark XI・Mark XII・Mark XV	IWC パイロットウォッチの系譜 — Mark	FIRE KIDS		328
329	IWC	IWC ポルトフィーノ 初代モデル解説 ── 1980年代に生まれたドレスウォッチの原点	IWC ポルトフィーノ 初代モデル解説 ──	FIRE KIDS		329
330	IWC	IWC スピットファイア — Cal.88手巻きとCal.884自動巻きが結ぶパイロットウォッチの系譜	IWC スピットファイア — Cal.88手巻きとCal.884自動巻きが結ぶパイロットウォッチの系譜	Cal.88手巻きとCal, FIRE KIDS		330
331	IWC	IWC ヴィンテージ Cal一覧 1950〜80年代 ─ 年代別・系統別に整理	IWC ヴィンテージ Cal一覧 1950〜80年代	FIRE KIDS		331
332	IWC	IWC ヴィンテージ入門｜ポルトギーゼから始める理由	IWC ヴィンテージ入門	FIRE KIDS		332
333	ロンジン	ロンジン レジェンドダイバー 1967年製 ヴィンテージ｜Ref.7042 の設計思想とコレクターの視点	ロンジン レジェンドダイバー 1967年製 ヴィンテージ	Ref.7042, FIRE KIDS		333
334	ロンジン	ロンジン ヴィンテージ入門｜スイス実用時計の真髄	ロンジン ヴィンテージ入門	FIRE KIDS		334
335	テーマ記事	ロレックス・オメガ・グランドセイコー 1960年代三つ巴比較	ロレックス・オメガ・グランドセイコー 1960年代三つ巴比較	テーマ記事 ヴィンテージ, FIRE KIDS		335
336	セイコー	セイコー ジョイントポイント Cal.5246・6246 スポーツライン	セイコー ジョイントポイント Cal.5246・6246 スポーツライン	Cal.5246, FIRE KIDS		336
337	セイコー	セイコー アルピニスト ヴィンテージ 1960年代 解説｜チャンピオン850の系譜と山岳モデルの設計思想	セイコー アルピニスト ヴィンテージ 1960年代 解説	FIRE KIDS		337
338	ジャガー・ルクルト	ジャガー・ルクルト ディープシー ヴィンテージ解説｜スーパーコンプレッサーケースの本格ダイバーズ	ジャガー・ルクルト ディープシー ヴィンテージ解説	FIRE KIDS		338
339	ジャガー・ルクルト	ジャガー・ルクルト パワーリザーブ付きモデル｜Cal.815・825の系譜と魅力	ジャガー・ルクルト パワーリザーブ付きモデル	Cal.815, FIRE KIDS		339
340	ジャガー・ルクルト	ジャガー・ルクルト Cal.478・480系 手巻きキャリバー解説｜1940年代の実用ムーブメントを読む	ジャガー・ルクルト Cal.478・480系 手巻きキャリバー解説	Cal.478, FIRE KIDS		340
341	ジャガー・ルクルト	ジャガー・ルクルト マスタービュームウォッチとバンパー式自動巻き｜ペラトン機構への系譜	ジャガー・ルクルト マスタービュームウォッチとバンパー式自動巻き	FIRE KIDS		341
342	ユニバーサル・ジュネーブ	ユニバーサル・ジュネーブ トリ・コンパックス ― トリプルカレンダー＋クロノグラフが一体化した複雑機構の名作	ユニバーサル・ジュネーブ トリ・コンパックス ― トリプルカレンダー＋クロノグラフが一体化した複雑機構の名作	FIRE KIDS		342
343	ユニバーサル・ジュネーブ	ユニバーサル・ジュネーブ コンパックス Cal.287 解説	ユニバーサル・ジュネーブ コンパックス Cal.287 解説	Cal.287, FIRE KIDS		343
344	テーマ記事	パイロットウォッチ比較：IWC・ブライトリング・ユニバーサル・ジュネーブ	パイロットウォッチ比較：IWC・ブライトリング・ユニバーサル・ジュネーブ	テーマ記事 ヴィンテージ, FIRE KIDS		344
345	テーマ記事	1970年代クォーツショック時代のヴィンテージ機械式の魅力	1970年代クォーツショック時代のヴィンテージ機械式の魅力	テーマ記事 ヴィンテージ, FIRE KIDS		345
346	セイコー	セイコー ファースト（初代クロノグラフ）Cal.6138・6139 解説	セイコー ファースト（初代クロノグラフ）Cal.6138・6139 解説	Cal.6138, FIRE KIDS		346
347	セイコー	セイコー ヴィンテージ 1960〜70年代 Cal.番号一覧表	セイコー ヴィンテージ 1960〜70年代 Cal.番号一覧表	Cal.番号一覧表, FIRE KIDS		347
348	テーマ記事	スクエアケース ヴィンテージ比較：カルティエ・オメガ・セイコー	スクエアケース ヴィンテージ比較：カルティエ・オメガ・セイコー	テーマ記事 ヴィンテージ, FIRE KIDS		348
349	テーマ記事	軍用（ミリタリー）時計 IWC・ロレックス・チューダー実例比較	軍用（ミリタリー）時計 IWC・ロレックス・チューダー実例比較	テーマ記事 ヴィンテージ, FIRE KIDS		349
350	カルティエ	カルティエ パシャ・ドゥ・カルティエ 初代解説	カルティエ パシャ・ドゥ・カルティエ 初代解説	FIRE KIDS		350
351	カルティエ	カルティエ ヴィンテージ ムーブメント ETA搭載の歴史	カルティエ ヴィンテージ ムーブメント ETA搭載の歴史	FIRE KIDS		351
352	ユニバーサル・ジュネーブ	ユニバーサル・ジュネーブ ユニマチック Cal.215 解説	ユニバーサル・ジュネーブ ユニマチック Cal.215 解説	Cal.215, FIRE KIDS		352
353	ユニバーサル・ジュネーブ	ユニバーサル・ジュネーブ ヴィンテージ Cal一覧	ユニバーサル・ジュネーブ ヴィンテージ Cal一覧	FIRE KIDS		353
354	ロレックス	ロレックス デイトジャスト Ref.16014・16234 ホワイトゴールドベゼル解説	ロレックス デイトジャスト Ref.16014・16234 ホワイトゴールドベゼル解説	Ref.16014, FIRE KIDS		354
355	ロレックス	ロレックス ヴィンテージ SS vs ゴールド どちらを選ぶか	ロレックス ヴィンテージ SS vs ゴールド どちらを選ぶか	FIRE KIDS		355
356	ロンジン	ロンジン ウイットナー Cal.30L スモールセコンド解説	ロンジン ウイットナー Cal.30L スモールセコンド解説	Cal.30L, FIRE KIDS		356
357	ロンジン	ロンジン ヴィンテージ vs グランドセイコー 精度比較	ロンジン ヴィンテージ vs グランドセイコー 精度比較	FIRE KIDS		357
358	ブライトリング	ブライトリング ヴィンテージ スライドルールの使い方｜ナビタイマーの計算尺ベゼルを読み解く	ブライトリング ヴィンテージ スライドルールの使い方	FIRE KIDS		358
359	カルティエ	カルティエ ヴィンテージ ゴールドケースの種類と価値	カルティエ ヴィンテージ ゴールドケースの種類と価値	FIRE KIDS		359
360	セイコー	セイコー ビジネスウォッチ Cal.2220 薄型手巻き解説 シャリオ（Chariot）1970年代	セイコー ビジネスウォッチ Cal.2220 薄型手巻き解説	Cal.2220, FIRE KIDS		360
361	テーマ記事	ヴィンテージ時計 買取価値を下げない保管術	ヴィンテージ時計 買取価値を下げない保管術	テーマ記事 ヴィンテージ, FIRE KIDS		361
362	ロレックス	ロレックス ヴィンテージの箱・保証書 コレクション術	ロレックス ヴィンテージの箱・保証書 コレクション術	FIRE KIDS		362
363	カルティエ	カルティエ ロンド（サントス ロンド）ヴィンテージ解説｜丸型ケースのサントス派生モデル	カルティエ ロンド（サントス ロンド）ヴィンテージ解説	FIRE KIDS		363
364	カルティエ	カルティエ バロン・ブルー初代 解説	カルティエ バロン・ブルー初代 解説	FIRE KIDS		364
365	セイコー	セイコー セルフデーター Cal.2020 スクエアケース解説	セイコー セルフデーター Cal.2020 スクエアケース解説	Cal.2020, FIRE KIDS		365
366	セイコー	セイコー vs グランドセイコー ヴィンテージ入門対決	セイコー vs グランドセイコー ヴィンテージ入門対決	FIRE KIDS		366
367	ロレックス	ロレックス エアキング Ref.5500 Cal.1520 ヴィンテージ解説	ロレックス エアキング Ref.5500 Cal.1520	Cal.1520, Ref.5500, FIRE KIDS		367
368	ロレックス	ロレックス シグマダイヤル（Σ表記）とは？文字盤の年代判定	ロレックス シグマダイヤル（Σ表記）とは？文字盤の年代判定	FIRE KIDS		368
375	オメガ	オメガ Cal.330系バンパー式自動巻き 1940-50年代解説	オメガ Cal.330系バンパー式自動巻き 1940-50年代解説	Cal.330系バンパー式自動巻き, FIRE KIDS		375
392	ユニバーサル・ジュネーブ	ユニバーサル・ジュネーブ ポールルーター｜マイクロローターを世界に示したパイオニアウォッチ	ユニバーサル・ジュネーブ ポールルーター	FIRE KIDS		392
393	ロレックス	ロレックス オイスターパーペチュアル Ref.1002・オイスターデイト Ref.6694 解説	ロレックス オイスターパーペチュアル Ref.1002・オイスターデイト Ref.6694	Ref.1002, Ref.6694, FIRE KIDS		393
394	ブライトリング	ブライトリング ナビタイマー Cal.Venus178 vs Cal.11 ムーブメント比較	ブライトリング ナビタイマー Cal.Venus178 vs	Cal.Venus178, Cal.11, FIRE KIDS		394
395	ロレックス	ロレックス プリンス｜1928年誕生「ドクターズウォッチ」の長方形ケースを解説	ロレックス プリンス	FIRE KIDS		395
396	ロレックス	ロレックス ヴィンテージ入門｜最初の1本の選び方	ロレックス ヴィンテージ入門	FIRE KIDS		396
397	ジャガー・ルクルト	ジャガー・ルクルト マスターマリーナ｜1950〜60年代の防水自動巻きモデルを解説	ジャガー・ルクルト マスターマリーナ	FIRE KIDS		397
398	ジャガー・ルクルト	ジャガー・ルクルト メモボックス（Memovox）｜ヴィンテージアラームウォッチの系譜と魅力	ジャガー・ルクルト メモボックス（Memovox）	FIRE KIDS		398
399	セイコー	グランドセイコー 61GS Cal.6145・6146 ハイビート自動巻きの始まり	グランドセイコー 61GS Cal.6145・6146 ハイビート自動巻きの始まり	Cal.6145, FIRE KIDS		399
400	ジャガー・ルクルト	ルクルト（JLC）トリプルカレンダー｜1950年代の複雑時計を解説	ルクルト（JLC）トリプルカレンダー	ジャガー・ルクルト ヴィンテージ, FIRE KIDS		400
401	ヴァシュロン・コンスタンタン	ヴァシュロン・コンスタンタン 222とは？｜ジェンタが手がけたラグスポの隠れた名作	ヴァシュロン・コンスタンタン 222とは？	FIRE KIDS		401
402	ヴァシュロン・コンスタンタン	ヴァシュロン・コンスタンタン ヴィンテージ解説｜世界最古の時計メーカーの名品を解説	ヴァシュロン・コンスタンタン ヴィンテージ解説	FIRE KIDS		402
403	IWC	IWC ヨットクラブ Cal.8541B｜1960年代ヨットマンのための防水スポーツウォッチ	IWC ヨットクラブ Cal.8541B	Cal.8541B, FIRE KIDS		403
404	オメガ	オメガ シーマスター ダイバーズの系譜｜Ref.166.024からプレボンドまで、1960〜80年代の進化を辿る	オメガ シーマスター ダイバーズの系譜	Ref.166, FIRE KIDS		404
405	テーマ記事	バンパー式自動巻きとは？振るとコツンという機構の仕組み	バンパー式自動巻きとは？振るとコツンという機構の仕組み	テーマ記事 ヴィンテージ, FIRE KIDS		405
406	IWC	IWC ポートフィノ vs ポルトギーゼ ヴィンテージ比較	IWC ポートフィノ vs ポルトギーゼ ヴィンテージ比較	FIRE KIDS		406
407	テーマ記事	ヴィンテージ時計 予算帯別おすすめモデル解説｜エントリーからハイエンドまで	ヴィンテージ時計 予算帯別おすすめモデル解説	テーマ記事 ヴィンテージ, FIRE KIDS		407
408	セイコー	セイコー プレスマチック Cal.5106/5146 ハイビート薄型自動巻き解説	セイコー プレスマチック Cal.5106/5146 ハイビート薄型自動巻き解説	Cal.5106/5146, FIRE KIDS		408
