No	ブランド	記事タイトル	メインKW	ファイルNo
446	ロレックス	え？これもロレックスなの？意外性のあるヴィンテージモデル5選	珍しいロレックス	446
447	テーマ	世界に愛される日本の腕時計ブランド5選｜ヴィンテージで知る国産時計の魅力	国産時計 ブランド	447
448	テーマ	昇進・昇格の節目に選びたいビジネスマン向けヴィンテージ腕時計5選	ビジネス ヴィンテージ	448
449	ロレックス	ロレックス 人気3モデル｜エクスプローラー・デイデイト・デイトジャストの特徴	ロレックス 人気ランキング	449
450	ロレックス	年代別ロレックス選び｜20代から50代まで、ヴィンテージで選ぶ4つのモデル	ロレックス 年代別	450
451	テーマ	ヴィンテージ時計 裏蓋の刻印ガイド｜リファレンス・シリアル・素材から読み解く5つのポイント	裏蓋 刻印	451
452	テーマ	手巻き時計の正しい巻き方｜ヴィンテージを長く使うためのリューズ操作ガイド	手巻き 使い方	452
453	テーマ	ヴィンテージ時計の風防ガイド｜プラスチック・ミネラル・サファイアクリスタルの違い	風防 種類	453
454	テーマ	生まれ年のヴィンテージ時計｜節目のプレゼントに選びたい一本の選び方	バースイヤーウォッチ	454
455	テーマ	スマホ時代に腕時計を選ぶ意味｜ヴィンテージ時計が持つ、時計にしかない価値	スマホ時代 腕時計	455
456	ロンジン	ロンジンが「恥ずかしい」と言われる理由と、選ぶ人が増えている事実	ロンジン 恥ずかしい	456
457	セイコー	セイコーとシチズン、国産時計の選び方	セイコー シチズン 違い	457
458	ロレックス	ロレックス Cal.3000、変革期のキャリバーを読み解く	ロレックス Cal.3000	458
459	ロレックス	金無垢ロレックスは、なぜ「ダサい」と言われるのか	ロレックス 金無垢 ダサい	459
460	ロレックス	ロレックス コンビ、「ダサい」と言われる理由と本当の魅力	ロレックス コンビ ダサい	460
461	ロレックス	ロレックスはなぜ高い？値段の構造を分解してみる	ロレックス なぜ高い	461
462	ロレックス	ロレックスとオメガ、ヴィンテージで迷ったときの判断軸	ロレックス オメガ ヴィンテージ	462
463	ロレックス	国際派のロレックス、国内派のグランドセイコー、どちらを選ぶか	グランドセイコー ロレックス 比較	463
464	ロレックス	デイトジャストとエクスプローラー、シーンで選ぶならどっち	デイトジャスト エクスプローラー 違い	464
465	ロレックス	サブマリーナとシーマスター、ダイバーズ二大巨頭の違い	サブマリーナ シーマスター 比較	465
466	ロレックス	ロレックスとIWC、スポーツウォッチでの選び方	ロレックス IWC スポーツ	466
467	ロレックス	女性が選ぶならカルティエかロレックスか	カルティエ ロレックス 女性	467
468	ロレックス	デイトナとスピードマスター、二大クロノグラフを並べてみる	デイトナ スピードマスター	468
469	ロレックス	ヴィンテージ ロレックスのレディース、定番から珍しい1本まで	ロレックス レディース	469
470	ロレックス	ロレックス Cal.1560、デイトジャスト初期を支えた自動巻き	ロレックス Cal.1560	470
471	ロレックス	ロレックス GMTマスターII Ref.16710、長く製造された定番GMT	GMTマスター2 16710	471
472	ロレックス	サブマリーナ Ref.14060、デイトを外したノンデイトの素の表情	サブマリーナ 14060	472
473	ロレックス	エクスプローラーI Ref.114270、6桁世代へつなぐ1本	エクスプローラー 114270	473
474	ロレックス	デイトジャスト Ref.16234、5桁番手の完成形を読み解く	デイトジャスト 16234	474
475	ロレックス	ヨットマスター Ref.16622 ロレジウム、海と陸を繋ぐスポーツモデル	ヨットマスター 16622	475
476	カルティエ	女性が選ぶならカルティエかロレックスか、ヴィンテージで考える	カルティエ ロレックス 女性	476
477	ロレックス	デイトナとスピードマスター、二大クロノグラフを並べてみる	デイトナ スピードマスター	477
478	オメガ	40代でオメガを選ぶ、年代別の答え合わせ	オメガ 40代	478
479	オメガ	オメガのヴィンテージを選ぶか、現行を選ぶか	オメガ ヴィンテージ 現行	479
480	オメガ	クロノグラフで迷ったら、オメガとブライトリングをどう比べるか	オメガ ブライトリング クロノグラフ	480
481	オメガ	ヴィンテージドレスで迷う、オメガとIWCの選び方	オメガ IWC ドレス	481
482	オメガ	グランドセイコーとオメガ コンステレーション、ハイビートの聖地対決	グランドセイコー コンステレーション	482
483	オメガ	オメガで選ばれている代表モデル、ヴィンテージから現代まで	オメガ 人気モデル	483
484	オメガ	オメガ Cal.30T2、戦前から続く堅牢手巻きの系譜	オメガ Cal.30T2	484
485	オメガ	オメガ Cal.500番台、1950年代の自動巻き革命	オメガ Cal.500	485
486	オメガ	シーマスター プレ・ボンドの真価	シーマスター 2541.80	486
487	オメガ	スピードマスター プロフェッショナル、ムーンウォッチの完成期 — Cal.861／Cal.1861世代を読み解く	スピードマスター 3570.50	487
488	セイコー	セイコー5は恥ずかしい？歴史と価格帯のギャップが語ること	セイコー5 恥ずかしい	488
489	セイコー	セイコー レディース、ヴィンテージで選ぶ手巻きの愉しみ	セイコー レディース ヴィンテージ	489
490	シチズン	シチズン セブンスター、知れば「ダサい」とは言えなくなる時計	シチズン セブンスター	490
491	セイコー	セイコーのヴィンテージ、いま注目の代表機	セイコー 人気モデル	491
492	ロンジン	ロンジン ヴィンテージで選ばれている代表モデル	ロンジン 人気モデル	492
493	シチズン	シチズン ヴィンテージで密かに選ばれているモデル	シチズン 人気モデル	493
494	セイコー	セイコー Cal.4520／Cal.4522、ハイビートGSの基礎	セイコー Cal.4520 4522	494
495	ロンジン	ロンジン Cal.291、自動巻きヴィンテージを支えた1台	ロンジン Cal.291	495
496	チューダー	チューダー オイスターロイヤルの中身を見れば、見方が変わるかもしれない	チューダー ロイヤル	496
497	カルティエ	カルティエのヴィンテージ、購入前のチェックポイント	カルティエ ヴィンテージ チェック	497
498	チューダー	チューダー Cal.2671、80〜90年代を支えた小型自動巻きの実力	チューダー Cal.2671	498
499	チューダー	チューダー Cal.7734、Monte-Carloの脈動を生んだ手巻きクロノ	チューダー Cal.7734	499
500	カルティエ	カルティエの自動巻き選び、ジュエラーが選んだ機構を読み解く	カルティエ Cal 選び方	500
501	チューダー	チューダー サブマリーナ Ref.79090、80年代後半〜90年代の到達点	チューダー サブ 79090	501
502	カルティエ	カルティエ サントス Ref.0902、ゴドロンブレスのスモールサイズという選択	カルティエ サントス 0902	502
503	カルティエ	カルティエ パシャの裏スケ仕様、ムーブメントを鑑賞するという選択	カルティエ パシャ シースルー	503
504	その他	50代でタグホイヤーを着けるという選択	タグホイヤー 50代	504
505	ブライトリング	30代男性のブライトリング、その「重さ」をどう受けとめるか	ブライトリング 30代	505
506	その他	ボーム&メルシエ、知名度の壁を越えた先にあるもの	ボーム&メルシエ 知名度	506
507	IWC	IWCを選ばない方がいい人、選ぶといい人	IWC どんな人	507
508	ブライトリング	ブライトリングの「向き不向き」を整理する	ブライトリング どんな人	508
509	その他	オーデマピゲの価格に込められた、雲上ブランドの哲学	オーデマピゲ 価格	509
510	その他	パテックフィリップ、最高峰の値段の理由	パテックフィリップ 価値	510
511	IWC	IWCのヴィンテージで選ばれているモデルとその背景	IWC 人気モデル	511
512	ブライトリング	ブライトリング ヴィンテージで動いているモデルの実態	ブライトリング 人気モデル	512
513	IWC	IWC Cal.853／Cal.8531、ペラトン式自動巻きの完成形	IWC Cal.853	513
514	オリエント	オリエントの腕時計、本当に恥ずかしい時計なのか	オリエント 恥ずかしい	514
515	オリエント	オリエントスター、知る人ぞ知る国産自動巻きの実力	オリエントスター	515
516	その他	エルメスの時計、ジュエラーが作る本格時計の真価	エルメス 時計	516
517	その他	ハミルトン ベンチュラ、唯一無二の三角形ケースを語る	ハミルトン ベンチュラ	517
518	その他	ハミルトンというブランドが歩んできた道	ハミルトン 時計	518
519	その他	ティソを初めて選ぶ前に、知っておきたい老舗の系譜	ティソ 時計	519
520	オリエント	オリエントの世界、国産機械式の入門ガイド	オリエント 時計	520
521	シチズン	シチズンのヴィンテージ、知る人ぞ知る入門ガイド	シチズン 時計	521
522	テーマ	クロノグラフはどう進化したのか、その種類と歴史	クロノグラフ 歴史	522
523	テーマ	ダイバーズウォッチは、海から生まれた	ダイバーズウォッチ 歴史	523
524	テーマ	GMT機能は、なぜ生まれたのか	GMT 誕生	524
525	テーマ	ヴィンテージ時計のサイズ、手首径から見る選び方	ヴィンテージ サイズ	525
526	テーマ	時計のベルト、どれを選ぶかで印象が決まる	ベルト 印象	526
527	テーマ	時計の精度を読み解く、日差とクロノメーターの基礎	腕時計 精度	527
528	テーマ	時計のバックル、地味なパーツが装着感を左右する	腕時計 バックル	528
529	テーマ	ヴィンテージ時計と防水性、日常使いで知っておきたい現実	腕時計 防水	529
530	テーマ	鑑定書とアーカイブ、その紙が時計の価値を決める理由	アーカイブ	530
531	テーマ	30代男性のヴィンテージ時計、選ぶときの軸	30代 ヴィンテージ	531
532	テーマ	40代の2本目、最初の1本との組み合わせから考える	40代 2本目	532
533	テーマ	結婚記念に選ぶヴィンテージ時計、節目の一本という選択	記念日 時計	533
534	テーマ	カップルで揃えるヴィンテージ、ペアウォッチという選び方	ペアウォッチ	534
535	IWC	IWC マーク12、軍用思想を継いだパイロットの完成形	IWC Mark XII	535
